attendance_id,learner_id,term,days_possible,days_present,days_absent,attendance_rate
1,1,1,53,52,1,0.981
2,1,2,45,37,8,0.822
3,1,3,45,36,9,0.8
4,1,4,49,39,10,0.796
5,2,1,50,46,4,0.92
6,2,2,51,43,8,0.843
7,2,3,47,45,2,0.957
8,2,4,54,47,7,0.87
9,3,1,47,40,7,0.851
10,3,2,47,44,3,0.936
11,3,3,51,46,5,0.902
12,3,4,55,44,11,0.8
13,4,1,53,44,9,0.83
14,4,2,52,47,5,0.904
15,4,3,49,41,8,0.837
16,4,4,52,43,9,0.827
17,5,1,49,46,3,0.939
18,5,2,46,39,7,0.848
19,5,3,48,44,4,0.917
20,5,4,48,44,4,0.917
21,6,1,46,45,1,0.978
22,6,2,45,37,8,0.822
23,6,3,55,45,10,0.818
24,6,4,51,42,9,0.824
25,7,1,46,39,7,0.848
26,7,2,54,50,4,0.926
27,7,3,53,50,3,0.943
28,7,4,49,45,4,0.918
29,8,1,55,45,10,0.818
30,8,2,53,42,11,0.792
31,8,3,47,39,8,0.83
32,8,4,50,43,7,0.86
33,9,1,52,50,2,0.962
34,9,2,53,43,10,0.811
35,9,3,51,42,9,0.824
36,9,4,49,42,7,0.857
37,10,1,55,46,9,0.836
38,10,2,54,49,5,0.907
39,10,3,47,41,6,0.872
40,10,4,46,43,3,0.935
41,11,1,48,38,10,0.792
42,11,2,52,43,9,0.827
43,11,3,45,39,6,0.867
44,11,4,53,46,7,0.868
45,12,1,49,39,10,0.796
46,12,2,53,42,11,0.792
47,12,3,51,42,9,0.824
48,12,4,51,45,6,0.882
49,13,1,53,45,8,0.849
50,13,2,52,43,9,0.827
51,13,3,46,36,10,0.783
52,13,4,51,47,4,0.922
53,14,1,51,42,9,0.824
54,14,2,48,41,7,0.854
55,14,3,54,45,9,0.833
56,14,4,54,47,7,0.87
57,15,1,51,41,10,0.804
58,15,2,45,41,4,0.911
59,15,3,46,38,8,0.826
60,15,4,45,43,2,0.956
61,16,1,54,45,9,0.833
62,16,2,46,41,5,0.891
63,16,3,49,40,9,0.816
64,16,4,54,50,4,0.926
65,17,1,51,44,7,0.863
66,17,2,46,38,8,0.826
67,17,3,49,43,6,0.878
68,17,4,47,44,3,0.936
69,18,1,50,45,5,0.9
70,18,2,54,45,9,0.833
71,18,3,45,36,9,0.8
72,18,4,53,51,2,0.962
73,19,1,54,47,7,0.87
74,19,2,49,47,2,0.959
75,19,3,48,39,9,0.812
76,19,4,55,44,11,0.8
77,20,1,47,40,7,0.851
78,20,2,52,42,10,0.808
79,20,3,45,41,4,0.911
80,20,4,51,43,8,0.843
81,21,1,47,46,1,0.979
82,21,2,46,37,9,0.804
83,21,3,45,40,5,0.889
84,21,4,52,47,5,0.904
85,22,1,52,50,2,0.962
86,22,2,52,42,10,0.808
87,22,3,45,40,5,0.889
88,22,4,49,46,3,0.939
89,23,1,53,47,6,0.887
90,23,2,47,44,3,0.936
91,23,3,46,39,7,0.848
92,23,4,50,44,6,0.88
93,24,1,50,49,1,0.98
94,24,2,49,45,4,0.918
95,24,3,49,42,7,0.857
96,24,4,45,43,2,0.956
97,25,1,49,45,4,0.918
98,25,2,53,50,3,0.943
99,25,3,54,47,7,0.87
100,25,4,49,45,4,0.918
101,26,1,55,43,12,0.782
102,26,2,51,49,2,0.961
103,26,3,55,54,1,0.982
104,26,4,50,44,6,0.88
105,27,1,48,43,5,0.896
106,27,2,51,43,8,0.843
107,27,3,46,38,8,0.826
108,27,4,51,46,5,0.902
109,28,1,49,47,2,0.959
110,28,2,55,49,6,0.891
111,28,3,52,51,1,0.981
112,28,4,53,43,10,0.811
113,29,1,55,47,8,0.855
114,29,2,50,43,7,0.86
115,29,3,51,49,2,0.961
116,29,4,49,41,8,0.837
117,30,1,45,40,5,0.889
118,30,2,50,47,3,0.94
119,30,3,46,40,6,0.87
120,30,4,52,46,6,0.885
121,31,1,50,42,8,0.84
122,31,2,45,40,5,0.889
123,31,3,55,45,10,0.818
124,31,4,55,45,10,0.818
125,32,1,49,44,5,0.898
126,32,2,55,45,10,0.818
127,32,3,52,44,8,0.846
128,32,4,49,38,11,0.776
129,33,1,45,37,8,0.822
130,33,2,54,43,11,0.796
131,33,3,52,44,8,0.846
132,33,4,51,43,8,0.843
133,34,1,45,36,9,0.8
134,34,2,47,40,7,0.851
135,34,3,49,46,3,0.939
136,34,4,53,48,5,0.906
137,35,1,53,43,10,0.811
138,35,2,46,42,4,0.913
139,35,3,47,46,1,0.979
140,35,4,48,42,6,0.875
141,36,1,46,39,7,0.848
142,36,2,45,39,6,0.867
143,36,3,50,41,9,0.82
144,36,4,55,50,5,0.909
145,37,1,51,44,7,0.863
146,37,2,46,44,2,0.957
147,37,3,49,44,5,0.898
148,37,4,47,42,5,0.894
149,38,1,55,53,2,0.964
150,38,2,54,44,10,0.815
151,38,3,48,40,8,0.833
152,38,4,51,45,6,0.882
153,39,1,49,41,8,0.837
154,39,2,49,44,5,0.898
155,39,3,55,48,7,0.873
156,39,4,47,40,7,0.851
157,40,1,51,41,10,0.804
158,40,2,53,46,7,0.868
159,40,3,50,44,6,0.88
160,40,4,55,51,4,0.927
161,41,1,52,44,8,0.846
162,41,2,52,45,7,0.865
163,41,3,51,44,7,0.863
164,41,4,53,42,11,0.792
165,42,1,51,41,10,0.804
166,42,2,47,42,5,0.894
167,42,3,49,46,3,0.939
168,42,4,54,48,6,0.889
169,43,1,47,42,5,0.894
170,43,2,54,52,2,0.963
171,43,3,45,42,3,0.933
172,43,4,51,41,10,0.804
173,44,1,55,43,12,0.782
174,44,2,53,46,7,0.868
175,44,3,45,36,9,0.8
176,44,4,49,46,3,0.939
177,45,1,55,44,11,0.8
178,45,2,54,43,11,0.796
179,45,3,49,44,5,0.898
180,45,4,50,48,2,0.96
181,46,1,46,43,3,0.935
182,46,2,55,49,6,0.891
183,46,3,45,41,4,0.911
184,46,4,53,43,10,0.811
185,47,1,52,42,10,0.808
186,47,2,55,50,5,0.909
187,47,3,47,39,8,0.83
188,47,4,49,45,4,0.918
189,48,1,45,42,3,0.933
190,48,2,54,50,4,0.926
191,48,3,46,36,10,0.783
192,48,4,47,42,5,0.894
193,49,1,46,41,5,0.891
194,49,2,48,39,9,0.812
195,49,3,52,41,11,0.788
196,49,4,53,46,7,0.868
197,50,1,45,43,2,0.956
198,50,2,49,42,7,0.857
199,50,3,47,44,3,0.936
200,50,4,53,44,9,0.83
201,51,1,54,49,5,0.907
202,51,2,55,50,5,0.909
203,51,3,51,41,10,0.804
204,51,4,45,37,8,0.822
205,52,1,55,46,9,0.836
206,52,2,53,49,4,0.925
207,52,3,53,43,10,0.811
208,52,4,52,44,8,0.846
209,53,1,55,44,11,0.8
210,53,2,54,47,7,0.87
211,53,3,55,46,9,0.836
212,53,4,51,47,4,0.922
213,54,1,46,40,6,0.87
214,54,2,51,41,10,0.804
215,54,3,49,43,6,0.878
216,54,4,54,46,8,0.852
217,55,1,54,45,9,0.833
218,55,2,55,50,5,0.909
219,55,3,55,50,5,0.909
220,55,4,45,43,2,0.956
221,56,1,50,49,1,0.98
222,56,2,52,50,2,0.962
223,56,3,52,43,9,0.827
224,56,4,47,40,7,0.851
225,57,1,53,44,9,0.83
226,57,2,53,45,8,0.849
227,57,3,46,37,9,0.804
228,57,4,47,40,7,0.851
229,58,1,54,46,8,0.852
230,58,2,47,39,8,0.83
231,58,3,55,46,9,0.836
232,58,4,51,40,11,0.784
233,59,1,55,48,7,0.873
234,59,2,52,47,5,0.904
235,59,3,47,42,5,0.894
236,59,4,53,50,3,0.943
237,60,1,53,44,9,0.83
238,60,2,50,45,5,0.9
239,60,3,54,46,8,0.852
240,60,4,54,51,3,0.944
241,61,1,46,36,10,0.783
242,61,2,47,39,8,0.83
243,61,3,55,44,11,0.8
244,61,4,55,48,7,0.873
245,62,1,48,47,1,0.979
246,62,2,48,38,10,0.792
247,62,3,47,44,3,0.936
248,62,4,51,47,4,0.922
249,63,1,51,49,2,0.961
250,63,2,45,41,4,0.911
251,63,3,46,36,10,0.783
252,63,4,46,40,6,0.87
253,64,1,50,45,5,0.9
254,64,2,45,43,2,0.956
255,64,3,50,40,10,0.8
256,64,4,52,44,8,0.846
257,65,1,55,49,6,0.891
258,65,2,48,39,9,0.812
259,65,3,52,45,7,0.865
260,65,4,49,40,9,0.816
261,66,1,47,41,6,0.872
262,66,2,53,50,3,0.943
263,66,3,48,38,10,0.792
264,66,4,45,41,4,0.911
265,67,1,55,44,11,0.8
266,67,2,45,42,3,0.933
267,67,3,45,38,7,0.844
268,67,4,51,46,5,0.902
269,68,1,46,39,7,0.848
270,68,2,55,51,4,0.927
271,68,3,55,49,6,0.891
272,68,4,48,45,3,0.938
273,69,1,54,51,3,0.944
274,69,2,53,45,8,0.849
275,69,3,54,52,2,0.963
276,69,4,47,44,3,0.936
277,70,1,52,45,7,0.865
278,70,2,51,49,2,0.961
279,70,3,54,43,11,0.796
280,70,4,53,45,8,0.849
281,71,1,46,40,6,0.87
282,71,2,45,41,4,0.911
283,71,3,50,39,11,0.78
284,71,4,49,47,2,0.959
285,72,1,49,42,7,0.857
286,72,2,50,40,10,0.8
287,72,3,47,46,1,0.979
288,72,4,46,41,5,0.891
289,73,1,48,46,2,0.958
290,73,2,54,48,6,0.889
291,73,3,51,46,5,0.902
292,73,4,53,49,4,0.925
293,74,1,46,41,5,0.891
294,74,2,49,45,4,0.918
295,74,3,45,38,7,0.844
296,74,4,49,40,9,0.816
297,75,1,45,36,9,0.8
298,75,2,53,50,3,0.943
299,75,3,50,48,2,0.96
300,75,4,55,53,2,0.964
301,76,1,45,37,8,0.822
302,76,2,46,43,3,0.935
303,76,3,54,52,2,0.963
304,76,4,45,38,7,0.844
305,77,1,46,45,1,0.978
306,77,2,54,50,4,0.926
307,77,3,46,44,2,0.957
308,77,4,52,50,2,0.962
309,78,1,49,45,4,0.918
310,78,2,46,36,10,0.783
311,78,3,53,44,9,0.83
312,78,4,50,43,7,0.86
313,79,1,49,46,3,0.939
314,79,2,48,38,10,0.792
315,79,3,45,35,10,0.778
316,79,4,48,43,5,0.896
317,80,1,51,47,4,0.922
318,80,2,45,40,5,0.889
319,80,3,45,39,6,0.867
320,80,4,51,47,4,0.922
321,81,1,51,47,4,0.922
322,81,2,53,43,10,0.811
323,81,3,52,42,10,0.808
324,81,4,54,53,1,0.981
325,82,1,50,43,7,0.86
326,82,2,50,43,7,0.86
327,82,3,45,37,8,0.822
328,82,4,46,41,5,0.891
329,83,1,48,41,7,0.854
330,83,2,53,47,6,0.887
331,83,3,45,43,2,0.956
332,83,4,48,45,3,0.938
333,84,1,46,36,10,0.783
334,84,2,52,42,10,0.808
335,84,3,45,38,7,0.844
336,84,4,54,49,5,0.907
337,85,1,48,47,1,0.979
338,85,2,47,42,5,0.894
339,85,3,52,47,5,0.904
340,85,4,55,44,11,0.8
341,86,1,49,47,2,0.959
342,86,2,48,42,6,0.875
343,86,3,50,48,2,0.96
344,86,4,48,42,6,0.875
345,87,1,49,47,2,0.959
346,87,2,53,44,9,0.83
347,87,3,55,46,9,0.836
348,87,4,49,41,8,0.837
349,88,1,53,47,6,0.887
350,88,2,45,38,7,0.844
351,88,3,51,47,4,0.922
352,88,4,54,47,7,0.87
353,89,1,46,38,8,0.826
354,89,2,47,45,2,0.957
355,89,3,53,44,9,0.83
356,89,4,53,44,9,0.83
357,90,1,50,46,4,0.92
358,90,2,47,37,10,0.787
359,90,3,48,44,4,0.917
360,90,4,55,51,4,0.927
361,91,1,46,36,10,0.783
362,91,2,45,38,7,0.844
363,91,3,54,46,8,0.852
364,91,4,46,36,10,0.783
365,92,1,54,46,8,0.852
366,92,2,45,43,2,0.956
367,92,3,51,44,7,0.863
368,92,4,48,39,9,0.812
369,93,1,47,43,4,0.915
370,93,2,53,42,11,0.792
371,93,3,49,39,10,0.796
372,93,4,50,48,2,0.96
373,94,1,54,50,4,0.926
374,94,2,50,48,2,0.96
375,94,3,49,46,3,0.939
376,94,4,54,44,10,0.815
377,95,1,45,38,7,0.844
378,95,2,54,47,7,0.87
379,95,3,51,48,3,0.941
380,95,4,45,42,3,0.933
381,96,1,53,45,8,0.849
382,96,2,55,46,9,0.836
383,96,3,53,46,7,0.868
384,96,4,54,50,4,0.926
385,97,1,53,44,9,0.83
386,97,2,51,45,6,0.882
387,97,3,48,39,9,0.812
388,97,4,45,38,7,0.844
389,98,1,55,53,2,0.964
390,98,2,46,45,1,0.978
391,98,3,53,44,9,0.83
392,98,4,54,46,8,0.852
393,99,1,54,45,9,0.833
394,99,2,49,45,4,0.918
395,99,3,55,52,3,0.945
396,99,4,54,42,12,0.778
397,100,1,49,44,5,0.898
398,100,2,50,47,3,0.94
399,100,3,47,41,6,0.872
400,100,4,45,39,6,0.867
401,101,1,52,41,11,0.788
402,101,2,50,44,6,0.88
403,101,3,53,44,9,0.83
404,101,4,45,40,5,0.889
405,102,1,46,38,8,0.826
406,102,2,54,48,6,0.889
407,102,3,46,40,6,0.87
408,102,4,49,46,3,0.939
409,103,1,49,41,8,0.837
410,103,2,52,42,10,0.808
411,103,3,55,45,10,0.818
412,103,4,54,49,5,0.907
413,104,1,48,39,9,0.812
414,104,2,45,37,8,0.822
415,104,3,53,50,3,0.943
416,104,4,54,46,8,0.852
417,105,1,53,49,4,0.925
418,105,2,45,44,1,0.978
419,105,3,49,48,1,0.98
420,105,4,45,41,4,0.911
421,106,1,50,44,6,0.88
422,106,2,45,41,4,0.911
423,106,3,50,40,10,0.8
424,106,4,53,46,7,0.868
425,107,1,53,42,11,0.792
426,107,2,48,41,7,0.854
427,107,3,50,47,3,0.94
428,107,4,55,47,8,0.855
429,108,1,55,48,7,0.873
430,108,2,49,40,9,0.816
431,108,3,50,45,5,0.9
432,108,4,50,42,8,0.84
433,109,1,51,49,2,0.961
434,109,2,50,44,6,0.88
435,109,3,49,44,5,0.898
436,109,4,47,40,7,0.851
437,110,1,49,47,2,0.959
438,110,2,54,42,12,0.778
439,110,3,54,44,10,0.815
440,110,4,50,44,6,0.88
441,111,1,53,50,3,0.943
442,111,2,50,48,2,0.96
443,111,3,51,48,3,0.941
444,111,4,45,41,4,0.911
445,112,1,47,40,7,0.851
446,112,2,55,44,11,0.8
447,112,3,46,45,1,0.978
448,112,4,48,43,5,0.896
449,113,1,54,49,5,0.907
450,113,2,51,45,6,0.882
451,113,3,46,44,2,0.957
452,113,4,53,50,3,0.943
453,114,1,54,47,7,0.87
454,114,2,53,47,6,0.887
455,114,3,50,42,8,0.84
456,114,4,54,45,9,0.833
457,115,1,48,41,7,0.854
458,115,2,50,41,9,0.82
459,115,3,50,46,4,0.92
460,115,4,46,42,4,0.913
461,116,1,52,48,4,0.923
462,116,2,51,43,8,0.843
463,116,3,50,45,5,0.9
464,116,4,46,44,2,0.957
465,117,1,55,48,7,0.873
466,117,2,48,42,6,0.875
467,117,3,51,42,9,0.824
468,117,4,47,45,2,0.957
469,118,1,48,45,3,0.938
470,118,2,51,47,4,0.922
471,118,3,55,44,11,0.8
472,118,4,49,46,3,0.939
473,119,1,50,42,8,0.84
474,119,2,46,40,6,0.87
475,119,3,53,52,1,0.981
476,119,4,54,47,7,0.87
477,120,1,48,46,2,0.958
478,120,2,52,41,11,0.788
479,120,3,46,40,6,0.87
480,120,4,53,49,4,0.925
481,121,1,52,48,4,0.923
482,121,2,47,45,2,0.957
483,121,3,51,40,11,0.784
484,121,4,47,46,1,0.979
485,122,1,47,42,5,0.894
486,122,2,53,51,2,0.962
487,122,3,51,43,8,0.843
488,122,4,51,47,4,0.922
489,123,1,48,44,4,0.917
490,123,2,46,39,7,0.848
491,123,3,50,45,5,0.9
492,123,4,54,43,11,0.796
493,124,1,45,36,9,0.8
494,124,2,50,48,2,0.96
495,124,3,51,46,5,0.902
496,124,4,51,43,8,0.843
497,125,1,52,48,4,0.923
498,125,2,47,43,4,0.915
499,125,3,54,52,2,0.963
500,125,4,53,42,11,0.792
501,126,1,45,40,5,0.889
502,126,2,50,46,4,0.92
503,126,3,52,45,7,0.865
504,126,4,52,42,10,0.808
505,127,1,54,45,9,0.833
506,127,2,46,38,8,0.826
507,127,3,52,44,8,0.846
508,127,4,54,48,6,0.889
509,128,1,53,47,6,0.887
510,128,2,51,43,8,0.843
511,128,3,51,43,8,0.843
512,128,4,47,46,1,0.979
513,129,1,45,42,3,0.933
514,129,2,48,42,6,0.875
515,129,3,49,44,5,0.898
516,129,4,54,46,8,0.852
517,130,1,50,42,8,0.84
518,130,2,46,39,7,0.848
519,130,3,52,45,7,0.865
520,130,4,47,39,8,0.83
521,131,1,49,48,1,0.98
522,131,2,46,44,2,0.957
523,131,3,55,46,9,0.836
524,131,4,46,38,8,0.826
525,132,1,53,49,4,0.925
526,132,2,45,40,5,0.889
527,132,3,45,44,1,0.978
528,132,4,53,47,6,0.887
529,133,1,48,38,10,0.792
530,133,2,45,38,7,0.844
531,133,3,49,47,2,0.959
532,133,4,54,47,7,0.87
533,134,1,52,46,6,0.885
534,134,2,52,44,8,0.846
535,134,3,46,42,4,0.913
536,134,4,46,40,6,0.87
537,135,1,51,45,6,0.882
538,135,2,46,44,2,0.957
539,135,3,49,45,4,0.918
540,135,4,46,45,1,0.978
541,136,1,46,43,3,0.935
542,136,2,48,44,4,0.917
543,136,3,50,41,9,0.82
544,136,4,50,42,8,0.84
545,137,1,55,51,4,0.927
546,137,2,55,51,4,0.927
547,137,3,50,48,2,0.96
548,137,4,45,39,6,0.867
549,138,1,53,45,8,0.849
550,138,2,53,48,5,0.906
551,138,3,55,43,12,0.782
552,138,4,55,50,5,0.909
553,139,1,48,39,9,0.812
554,139,2,51,49,2,0.961
555,139,3,48,44,4,0.917
556,139,4,49,43,6,0.878
557,140,1,52,49,3,0.942
558,140,2,52,43,9,0.827
559,140,3,48,44,4,0.917
560,140,4,46,45,1,0.978
561,141,1,48,37,11,0.771
562,141,2,46,40,6,0.87
563,141,3,54,44,10,0.815
564,141,4,47,37,10,0.787
565,142,1,49,44,5,0.898
566,142,2,55,49,6,0.891
567,142,3,55,47,8,0.855
568,142,4,53,48,5,0.906
569,143,1,47,45,2,0.957
570,143,2,48,46,2,0.958
571,143,3,55,48,7,0.873
572,143,4,55,47,8,0.855
573,144,1,50,44,6,0.88
574,144,2,49,39,10,0.796
575,144,3,46,45,1,0.978
576,144,4,49,42,7,0.857
577,145,1,52,44,8,0.846
578,145,2,55,48,7,0.873
579,145,3,47,41,6,0.872
580,145,4,50,46,4,0.92
581,146,1,50,46,4,0.92
582,146,2,47,44,3,0.936
583,146,3,52,49,3,0.942
584,146,4,52,47,5,0.904
585,147,1,55,45,10,0.818
586,147,2,49,41,8,0.837
587,147,3,48,46,2,0.958
588,147,4,51,40,11,0.784
589,148,1,50,42,8,0.84
590,148,2,50,43,7,0.86
591,148,3,52,45,7,0.865
592,148,4,49,47,2,0.959
593,149,1,49,43,6,0.878
594,149,2,48,41,7,0.854
595,149,3,45,38,7,0.844
596,149,4,51,42,9,0.824
597,150,1,47,42,5,0.894
598,150,2,55,44,11,0.8
599,150,3,54,49,5,0.907
600,150,4,47,42,5,0.894
601,151,1,45,44,1,0.978
602,151,2,45,42,3,0.933
603,151,3,46,43,3,0.935
604,151,4,50,48,2,0.96
605,152,1,53,42,11,0.792
606,152,2,45,40,5,0.889
607,152,3,50,44,6,0.88
608,152,4,47,45,2,0.957
609,153,1,51,49,2,0.961
610,153,2,48,40,8,0.833
611,153,3,47,45,2,0.957
612,153,4,50,43,7,0.86
613,154,1,53,49,4,0.925
614,154,2,45,35,10,0.778
615,154,3,45,42,3,0.933
616,154,4,53,42,11,0.792
617,155,1,51,48,3,0.941
618,155,2,45,37,8,0.822
619,155,3,49,38,11,0.776
620,155,4,55,51,4,0.927
621,156,1,48,38,10,0.792
622,156,2,46,43,3,0.935
623,156,3,51,46,5,0.902
624,156,4,47,44,3,0.936
625,157,1,49,47,2,0.959
626,157,2,46,37,9,0.804
627,157,3,51,40,11,0.784
628,157,4,53,48,5,0.906
629,158,1,47,38,9,0.809
630,158,2,54,51,3,0.944
631,158,3,48,45,3,0.938
632,158,4,49,46,3,0.939
633,159,1,51,45,6,0.882
634,159,2,45,38,7,0.844
635,159,3,52,43,9,0.827
636,159,4,49,48,1,0.98
637,160,1,54,47,7,0.87
638,160,2,49,42,7,0.857
639,160,3,48,47,1,0.979
640,160,4,53,44,9,0.83
641,161,1,49,47,2,0.959
642,161,2,53,47,6,0.887
643,161,3,51,40,11,0.784
644,161,4,52,48,4,0.923
645,162,1,50,47,3,0.94
646,162,2,46,40,6,0.87
647,162,3,54,53,1,0.981
648,162,4,51,48,3,0.941
649,163,1,52,44,8,0.846
650,163,2,54,43,11,0.796
651,163,3,49,41,8,0.837
652,163,4,55,54,1,0.982
653,164,1,46,41,5,0.891
654,164,2,48,46,2,0.958
655,164,3,52,47,5,0.904
656,164,4,46,37,9,0.804
657,165,1,54,51,3,0.944
658,165,2,53,49,4,0.925
659,165,3,54,50,4,0.926
660,165,4,45,42,3,0.933
661,166,1,49,42,7,0.857
662,166,2,50,47,3,0.94
663,166,3,45,38,7,0.844
664,166,4,54,49,5,0.907
665,167,1,45,38,7,0.844
666,167,2,48,45,3,0.938
667,167,3,52,46,6,0.885
668,167,4,50,49,1,0.98
669,168,1,48,41,7,0.854
670,168,2,52,46,6,0.885
671,168,3,46,44,2,0.957
672,168,4,51,47,4,0.922
673,169,1,51,41,10,0.804
674,169,2,45,37,8,0.822
675,169,3,46,37,9,0.804
676,169,4,52,50,2,0.962
677,170,1,46,36,10,0.783
678,170,2,51,45,6,0.882
679,170,3,55,52,3,0.945
680,170,4,52,42,10,0.808
681,171,1,53,46,7,0.868
682,171,2,45,38,7,0.844
683,171,3,51,50,1,0.98
684,171,4,55,46,9,0.836
685,172,1,50,45,5,0.9
686,172,2,50,45,5,0.9
687,172,3,47,38,9,0.809
688,172,4,53,49,4,0.925
689,173,1,54,52,2,0.963
690,173,2,50,44,6,0.88
691,173,3,49,43,6,0.878
692,173,4,48,46,2,0.958
693,174,1,47,38,9,0.809
694,174,2,52,41,11,0.788
695,174,3,51,42,9,0.824
696,174,4,52,41,11,0.788
697,175,1,45,38,7,0.844
698,175,2,48,39,9,0.812
699,175,3,46,41,5,0.891
700,175,4,50,40,10,0.8
701,176,1,54,47,7,0.87
702,176,2,47,37,10,0.787
703,176,3,55,49,6,0.891
704,176,4,48,41,7,0.854
705,177,1,45,43,2,0.956
706,177,2,49,41,8,0.837
707,177,3,51,46,5,0.902
708,177,4,49,42,7,0.857
709,178,1,51,49,2,0.961
710,178,2,53,47,6,0.887
711,178,3,55,45,10,0.818
712,178,4,54,44,10,0.815
713,179,1,48,40,8,0.833
714,179,2,49,44,5,0.898
715,179,3,47,44,3,0.936
716,179,4,54,49,5,0.907
717,180,1,51,43,8,0.843
718,180,2,54,49,5,0.907
719,180,3,54,49,5,0.907
720,180,4,52,43,9,0.827
721,181,1,45,42,3,0.933
722,181,2,48,38,10,0.792
723,181,3,54,44,10,0.815
724,181,4,47,41,6,0.872
725,182,1,45,38,7,0.844
726,182,2,45,36,9,0.8
727,182,3,52,45,7,0.865
728,182,4,52,44,8,0.846
729,183,1,53,49,4,0.925
730,183,2,48,43,5,0.896
731,183,3,51,48,3,0.941
732,183,4,52,44,8,0.846
733,184,1,53,45,8,0.849
734,184,2,46,44,2,0.957
735,184,3,48,47,1,0.979
736,184,4,55,52,3,0.945
737,185,1,47,45,2,0.957
738,185,2,53,46,7,0.868
739,185,3,49,45,4,0.918
740,185,4,53,51,2,0.962
741,186,1,55,47,8,0.855
742,186,2,45,43,2,0.956
743,186,3,52,49,3,0.942
744,186,4,50,46,4,0.92
745,187,1,48,43,5,0.896
746,187,2,48,41,7,0.854
747,187,3,47,45,2,0.957
748,187,4,45,37,8,0.822
749,188,1,50,44,6,0.88
750,188,2,45,40,5,0.889
751,188,3,50,40,10,0.8
752,188,4,50,48,2,0.96
753,189,1,53,51,2,0.962
754,189,2,54,45,9,0.833
755,189,3,55,46,9,0.836
756,189,4,52,45,7,0.865
757,190,1,49,41,8,0.837
758,190,2,45,44,1,0.978
759,190,3,45,43,2,0.956
760,190,4,52,51,1,0.981
761,191,1,55,48,7,0.873
762,191,2,47,41,6,0.872
763,191,3,55,51,4,0.927
764,191,4,46,36,10,0.783
765,192,1,45,41,4,0.911
766,192,2,47,43,4,0.915
767,192,3,47,45,2,0.957
768,192,4,47,37,10,0.787
769,193,1,46,36,10,0.783
770,193,2,55,51,4,0.927
771,193,3,50,40,10,0.8
772,193,4,53,44,9,0.83
773,194,1,48,44,4,0.917
774,194,2,45,38,7,0.844
775,194,3,55,52,3,0.945
776,194,4,50,48,2,0.96
777,195,1,47,45,2,0.957
778,195,2,54,50,4,0.926
779,195,3,50,44,6,0.88
780,195,4,55,47,8,0.855
781,196,1,55,50,5,0.909
782,196,2,46,38,8,0.826
783,196,3,53,43,10,0.811
784,196,4,49,39,10,0.796
785,197,1,52,41,11,0.788
786,197,2,54,44,10,0.815
787,197,3,53,46,7,0.868
788,197,4,55,51,4,0.927
789,198,1,45,38,7,0.844
790,198,2,53,45,8,0.849
791,198,3,50,44,6,0.88
792,198,4,46,41,5,0.891
793,199,1,52,41,11,0.788
794,199,2,46,38,8,0.826
795,199,3,46,38,8,0.826
796,199,4,54,49,5,0.907
797,200,1,45,42,3,0.933
798,200,2,45,37,8,0.822
799,200,3,50,44,6,0.88
800,200,4,48,40,8,0.833
801,201,1,55,50,5,0.909
802,201,2,48,45,3,0.938
803,201,3,47,40,7,0.851
804,201,4,51,47,4,0.922
805,202,1,47,39,8,0.83
806,202,2,54,46,8,0.852
807,202,3,48,45,3,0.938
808,202,4,49,47,2,0.959
809,203,1,47,46,1,0.979
810,203,2,49,45,4,0.918
811,203,3,49,39,10,0.796
812,203,4,50,45,5,0.9
813,204,1,50,47,3,0.94
814,204,2,53,46,7,0.868
815,204,3,55,50,5,0.909
816,204,4,47,37,10,0.787
817,205,1,54,46,8,0.852
818,205,2,53,47,6,0.887
819,205,3,51,43,8,0.843
820,205,4,55,52,3,0.945
821,206,1,48,41,7,0.854
822,206,2,53,47,6,0.887
823,206,3,49,39,10,0.796
824,206,4,48,40,8,0.833
825,207,1,52,43,9,0.827
826,207,2,46,41,5,0.891
827,207,3,55,45,10,0.818
828,207,4,47,41,6,0.872
829,208,1,50,43,7,0.86
830,208,2,51,46,5,0.902
831,208,3,45,38,7,0.844
832,208,4,46,42,4,0.913
833,209,1,45,37,8,0.822
834,209,2,52,44,8,0.846
835,209,3,55,53,2,0.964
836,209,4,47,45,2,0.957
837,210,1,49,40,9,0.816
838,210,2,53,43,10,0.811
839,210,3,45,39,6,0.867
840,210,4,54,47,7,0.87
841,211,1,54,50,4,0.926
842,211,2,51,45,6,0.882
843,211,3,48,40,8,0.833
844,211,4,50,45,5,0.9
845,212,1,52,48,4,0.923
846,212,2,49,39,10,0.796
847,212,3,48,45,3,0.938
848,212,4,53,42,11,0.792
849,213,1,51,48,3,0.941
850,213,2,54,46,8,0.852
851,213,3,45,37,8,0.822
852,213,4,47,45,2,0.957
853,214,1,54,53,1,0.981
854,214,2,53,43,10,0.811
855,214,3,54,50,4,0.926
856,214,4,47,43,4,0.915
857,215,1,45,44,1,0.978
858,215,2,49,46,3,0.939
859,215,3,47,44,3,0.936
860,215,4,52,45,7,0.865
861,216,1,52,41,11,0.788
862,216,2,47,39,8,0.83
863,216,3,47,39,8,0.83
864,216,4,46,38,8,0.826
865,217,1,48,42,6,0.875
866,217,2,48,39,9,0.812
867,217,3,53,50,3,0.943
868,217,4,50,39,11,0.78
869,218,1,47,40,7,0.851
870,218,2,52,46,6,0.885
871,218,3,51,47,4,0.922
872,218,4,52,48,4,0.923
873,219,1,52,48,4,0.923
874,219,2,46,39,7,0.848
875,219,3,50,47,3,0.94
876,219,4,47,40,7,0.851
877,220,1,50,48,2,0.96
878,220,2,55,51,4,0.927
879,220,3,51,46,5,0.902
880,220,4,53,42,11,0.792
881,221,1,52,48,4,0.923
882,221,2,54,42,12,0.778
883,221,3,54,44,10,0.815
884,221,4,48,41,7,0.854
885,222,1,50,44,6,0.88
886,222,2,45,41,4,0.911
887,222,3,51,49,2,0.961
888,222,4,55,45,10,0.818
889,223,1,52,43,9,0.827
890,223,2,48,40,8,0.833
891,223,3,46,39,7,0.848
892,223,4,55,45,10,0.818
893,224,1,47,39,8,0.83
894,224,2,51,47,4,0.922
895,224,3,52,41,11,0.788
896,224,4,51,42,9,0.824
897,225,1,51,47,4,0.922
898,225,2,46,40,6,0.87
899,225,3,46,39,7,0.848
900,225,4,46,42,4,0.913
901,226,1,51,48,3,0.941
902,226,2,45,37,8,0.822
903,226,3,47,42,5,0.894
904,226,4,51,47,4,0.922
905,227,1,45,39,6,0.867
906,227,2,55,47,8,0.855
907,227,3,45,38,7,0.844
908,227,4,49,45,4,0.918
909,228,1,46,41,5,0.891
910,228,2,52,46,6,0.885
911,228,3,52,48,4,0.923
912,228,4,53,52,1,0.981
913,229,1,46,43,3,0.935
914,229,2,51,45,6,0.882
915,229,3,51,49,2,0.961
916,229,4,46,37,9,0.804
917,230,1,50,48,2,0.96
918,230,2,54,45,9,0.833
919,230,3,53,50,3,0.943
920,230,4,52,45,7,0.865
921,231,1,52,43,9,0.827
922,231,2,46,44,2,0.957
923,231,3,52,44,8,0.846
924,231,4,54,50,4,0.926
925,232,1,49,42,7,0.857
926,232,2,55,46,9,0.836
927,232,3,45,40,5,0.889
928,232,4,47,39,8,0.83
929,233,1,51,40,11,0.784
930,233,2,50,42,8,0.84
931,233,3,45,40,5,0.889
932,233,4,50,46,4,0.92
933,234,1,53,49,4,0.925
934,234,2,48,39,9,0.812
935,234,3,53,42,11,0.792
936,234,4,47,43,4,0.915
937,235,1,51,49,2,0.961
938,235,2,50,49,1,0.98
939,235,3,54,45,9,0.833
940,235,4,53,47,6,0.887
941,236,1,45,36,9,0.8
942,236,2,50,39,11,0.78
943,236,3,54,53,1,0.981
944,236,4,55,52,3,0.945
945,237,1,46,39,7,0.848
946,237,2,46,39,7,0.848
947,237,3,55,51,4,0.927
948,237,4,51,44,7,0.863
949,238,1,47,46,1,0.979
950,238,2,49,45,4,0.918
951,238,3,46,44,2,0.957
952,238,4,51,50,1,0.98
953,239,1,48,43,5,0.896
954,239,2,49,44,5,0.898
955,239,3,53,50,3,0.943
956,239,4,48,44,4,0.917
957,240,1,45,38,7,0.844
958,240,2,52,43,9,0.827
959,240,3,51,43,8,0.843
960,240,4,47,39,8,0.83
961,241,1,55,43,12,0.782
962,241,2,51,49,2,0.961
963,241,3,55,46,9,0.836
964,241,4,45,39,6,0.867
965,242,1,45,42,3,0.933
966,242,2,55,44,11,0.8
967,242,3,49,43,6,0.878
968,242,4,55,46,9,0.836
969,243,1,48,40,8,0.833
970,243,2,50,41,9,0.82
971,243,3,54,45,9,0.833
972,243,4,54,51,3,0.944
973,244,1,54,47,7,0.87
974,244,2,54,46,8,0.852
975,244,3,51,45,6,0.882
976,244,4,53,41,12,0.774
977,245,1,50,42,8,0.84
978,245,2,52,42,10,0.808
979,245,3,52,43,9,0.827
980,245,4,47,43,4,0.915
981,246,1,49,42,7,0.857
982,246,2,55,52,3,0.945
983,246,3,46,42,4,0.913
984,246,4,53,52,1,0.981
985,247,1,46,38,8,0.826
986,247,2,53,45,8,0.849
987,247,3,49,46,3,0.939
988,247,4,52,48,4,0.923
989,248,1,45,37,8,0.822
990,248,2,54,44,10,0.815
991,248,3,50,45,5,0.9
992,248,4,51,50,1,0.98
993,249,1,45,42,3,0.933
994,249,2,49,44,5,0.898
995,249,3,52,51,1,0.981
996,249,4,51,49,2,0.961
997,250,1,47,40,7,0.851
998,250,2,46,37,9,0.804
999,250,3,48,39,9,0.812
1000,250,4,46,41,5,0.891
1001,251,1,47,45,2,0.957
1002,251,2,51,45,6,0.882
1003,251,3,50,47,3,0.94
1004,251,4,51,49,2,0.961
1005,252,1,49,41,8,0.837
1006,252,2,50,45,5,0.9
1007,252,3,55,53,2,0.964
1008,252,4,55,51,4,0.927
1009,253,1,50,44,6,0.88
1010,253,2,53,45,8,0.849
1011,253,3,51,45,6,0.882
1012,253,4,52,44,8,0.846
1013,254,1,52,42,10,0.808
1014,254,2,47,40,7,0.851
1015,254,3,45,40,5,0.889
1016,254,4,50,47,3,0.94
1017,255,1,55,45,10,0.818
1018,255,2,46,39,7,0.848
1019,255,3,55,47,8,0.855
1020,255,4,51,44,7,0.863
1021,256,1,55,43,12,0.782
1022,256,2,48,39,9,0.812
1023,256,3,54,48,6,0.889
1024,256,4,46,41,5,0.891
1025,257,1,51,49,2,0.961
1026,257,2,50,45,5,0.9
1027,257,3,47,42,5,0.894
1028,257,4,52,48,4,0.923
1029,258,1,50,39,11,0.78
1030,258,2,54,52,2,0.963
1031,258,3,55,47,8,0.855
1032,258,4,53,50,3,0.943
1033,259,1,47,41,6,0.872
1034,259,2,48,39,9,0.812
1035,259,3,48,41,7,0.854
1036,259,4,49,39,10,0.796
1037,260,1,45,37,8,0.822
1038,260,2,52,45,7,0.865
1039,260,3,55,50,5,0.909
1040,260,4,48,45,3,0.938
1041,261,1,52,46,6,0.885
1042,261,2,46,43,3,0.935
1043,261,3,50,48,2,0.96
1044,261,4,47,39,8,0.83
1045,262,1,46,36,10,0.783
1046,262,2,45,41,4,0.911
1047,262,3,51,49,2,0.961
1048,262,4,52,50,2,0.962
1049,263,1,46,43,3,0.935
1050,263,2,49,47,2,0.959
1051,263,3,53,43,10,0.811
1052,263,4,54,49,5,0.907
1053,264,1,53,49,4,0.925
1054,264,2,52,46,6,0.885
1055,264,3,45,38,7,0.844
1056,264,4,51,48,3,0.941
1057,265,1,45,38,7,0.844
1058,265,2,53,48,5,0.906
1059,265,3,52,45,7,0.865
1060,265,4,46,37,9,0.804
1061,266,1,49,46,3,0.939
1062,266,2,54,50,4,0.926
1063,266,3,46,43,3,0.935
1064,266,4,50,43,7,0.86
1065,267,1,50,40,10,0.8
1066,267,2,48,45,3,0.938
1067,267,3,48,40,8,0.833
1068,267,4,50,45,5,0.9
1069,268,1,46,40,6,0.87
1070,268,2,52,48,4,0.923
1071,268,3,49,42,7,0.857
1072,268,4,52,44,8,0.846
1073,269,1,52,48,4,0.923
1074,269,2,54,45,9,0.833
1075,269,3,45,42,3,0.933
1076,269,4,47,42,5,0.894
1077,270,1,45,37,8,0.822
1078,270,2,50,45,5,0.9
1079,270,3,49,41,8,0.837
1080,270,4,47,42,5,0.894
1081,271,1,49,43,6,0.878
1082,271,2,52,48,4,0.923
1083,271,3,47,44,3,0.936
1084,271,4,47,38,9,0.809
1085,272,1,49,47,2,0.959
1086,272,2,49,44,5,0.898
1087,272,3,45,43,2,0.956
1088,272,4,54,45,9,0.833
1089,273,1,54,42,12,0.778
1090,273,2,50,46,4,0.92
1091,273,3,53,46,7,0.868
1092,273,4,54,52,2,0.963
1093,274,1,50,45,5,0.9
1094,274,2,54,51,3,0.944
1095,274,3,50,44,6,0.88
1096,274,4,51,49,2,0.961
1097,275,1,52,47,5,0.904
1098,275,2,53,46,7,0.868
1099,275,3,52,50,2,0.962
1100,275,4,45,41,4,0.911
1101,276,1,46,39,7,0.848
1102,276,2,49,40,9,0.816
1103,276,3,47,39,8,0.83
1104,276,4,46,42,4,0.913
1105,277,1,50,44,6,0.88
1106,277,2,54,52,2,0.963
1107,277,3,45,43,2,0.956
1108,277,4,53,51,2,0.962
1109,278,1,48,41,7,0.854
1110,278,2,45,39,6,0.867
1111,278,3,46,45,1,0.978
1112,278,4,53,42,11,0.792
1113,279,1,53,52,1,0.981
1114,279,2,53,51,2,0.962
1115,279,3,45,39,6,0.867
1116,279,4,53,44,9,0.83
1117,280,1,49,46,3,0.939
1118,280,2,47,43,4,0.915
1119,280,3,55,52,3,0.945
1120,280,4,48,44,4,0.917
1121,281,1,52,42,10,0.808
1122,281,2,54,45,9,0.833
1123,281,3,49,39,10,0.796
1124,281,4,48,44,4,0.917
1125,282,1,46,44,2,0.957
1126,282,2,47,42,5,0.894
1127,282,3,45,37,8,0.822
1128,282,4,48,43,5,0.896
1129,283,1,54,47,7,0.87
1130,283,2,46,41,5,0.891
1131,283,3,45,38,7,0.844
1132,283,4,55,44,11,0.8
1133,284,1,52,42,10,0.808
1134,284,2,46,40,6,0.87
1135,284,3,46,41,5,0.891
1136,284,4,48,43,5,0.896
1137,285,1,49,44,5,0.898
1138,285,2,54,47,7,0.87
1139,285,3,46,43,3,0.935
1140,285,4,52,49,3,0.942
1141,286,1,48,43,5,0.896
1142,286,2,55,50,5,0.909
1143,286,3,52,51,1,0.981
1144,286,4,49,46,3,0.939
1145,287,1,54,45,9,0.833
1146,287,2,55,45,10,0.818
1147,287,3,53,46,7,0.868
1148,287,4,49,48,1,0.98
1149,288,1,49,41,8,0.837
1150,288,2,53,44,9,0.83
1151,288,3,49,45,4,0.918
1152,288,4,53,45,8,0.849
1153,289,1,52,42,10,0.808
1154,289,2,47,41,6,0.872
1155,289,3,50,48,2,0.96
1156,289,4,53,46,7,0.868
1157,290,1,47,38,9,0.809
1158,290,2,51,47,4,0.922
1159,290,3,46,44,2,0.957
1160,290,4,52,44,8,0.846
1161,291,1,55,49,6,0.891
1162,291,2,47,38,9,0.809
1163,291,3,46,43,3,0.935
1164,291,4,48,40,8,0.833
1165,292,1,49,41,8,0.837
1166,292,2,53,46,7,0.868
1167,292,3,55,46,9,0.836
1168,292,4,54,44,10,0.815
1169,293,1,55,45,10,0.818
1170,293,2,47,38,9,0.809
1171,293,3,51,48,3,0.941
1172,293,4,47,42,5,0.894
1173,294,1,47,40,7,0.851
1174,294,2,53,52,1,0.981
1175,294,3,55,49,6,0.891
1176,294,4,51,48,3,0.941
1177,295,1,49,40,9,0.816
1178,295,2,49,43,6,0.878
1179,295,3,49,42,7,0.857
1180,295,4,49,41,8,0.837
1181,296,1,50,47,3,0.94
1182,296,2,50,43,7,0.86
1183,296,3,51,46,5,0.902
1184,296,4,51,40,11,0.784
1185,297,1,51,40,11,0.784
1186,297,2,51,43,8,0.843
1187,297,3,47,46,1,0.979
1188,297,4,49,38,11,0.776
1189,298,1,48,39,9,0.812
1190,298,2,49,41,8,0.837
1191,298,3,50,39,11,0.78
1192,298,4,51,48,3,0.941
1193,299,1,50,45,5,0.9
1194,299,2,48,45,3,0.938
1195,299,3,54,48,6,0.889
1196,299,4,49,39,10,0.796
1197,300,1,48,39,9,0.812
1198,300,2,52,50,2,0.962
1199,300,3,54,47,7,0.87
1200,300,4,45,42,3,0.933
